hash,ward_code,status,created,applied,offered,confirmed,rejected
15ca6dfb76dff8a70bb2,UNKNOWN,applied,2022-07-25,2022-09-23,,,
8f01f738b207af47f8fd,UNKNOWN,applied,2022-07-27,2022-09-23,,,
e328edb51e5376424f2a,UNKNOWN,applied,2022-07-29,2022-09-27,,,
3adf924cee6792b148e5,UNKNOWN,created,2022-08-02,,,,
9929cfdbd616b5cc76aa,E05012996,created,2022-08-03,,,,
512e08821c0f17594cbb,UNKNOWN,created,2022-08-05,,,,
a51a5a8a2169cc111490,E05010323,applied,2022-08-05,2022-09-21,,,
84a98c9fbc48f1340c1e,E05011384,applied,2022-08-06,2022-09-14,,,
a3a8d8fbf0ce2cbc052b,E05011547,applied,2022-08-06,2022-09-23,,,
dc2bd77986bdd75071c7,E05011411,applied,2022-08-06,2022-09-09,,,
0aa60690ee50d20e542b,E05011547,offered,2022-08-08,2022-09-27,2022-10-15,,
12017a0ae01f25bed65c,UNKNOWN,Deactivated,2022-08-08,2022-09-29,,,
130681362c18e668f9cd,E05011403,applied,2022-08-08,2022-09-16,,,
18457bb44ee39086feb0,E05011413,applied,2022-08-08,2022-09-09,,,
1a9ce58b59c25aea77cf,E05011402,created,2022-08-08,,,,
2e1b1b09a168894b7581,E05011390,applied,2022-08-08,2022-09-09,,,
3b72b8e39aa338999d7a,UNKNOWN,applied,2022-08-08,2022-09-09,,,
4a1cc03e26ee43a13e7a,E05011397,created,2022-08-08,,,,
54e029aa3a363ff27105,E05011399,created,2022-08-08,,,,
5c38831e993e03a0f9ac,E05012841,applied,2022-08-08,2022-09-09,,,
5d677f3fd4f11afa7c2f,E05011407,created,2022-08-08,,,,
63bc0347faf8efa0ae74,E05012841,created,2022-08-08,,,,
65cfc76ff53918935b56,E05011390,applied,2022-08-08,2022-09-23,,,
6c18793a7383979837b3,E05011547,applied,2022-08-08,2022-09-09,,,
6c80917ca0312abfb686,E05011400,offered,2022-08-08,2022-09-28,2022-10-15,,
6e0d0803359083ac4b74,E05011547,applied,2022-08-08,2022-09-09,,,
7f868ddf76df95d9f5b7,E05011414,Deactivated,2022-08-08,2022-09-26,,,
88ef02ff8f6cecc2fd0a,E05011547,offered,2022-08-08,2022-09-27,2022-10-15,,
8a862341dbf9ba882c0e,E05011390,applied,2022-08-08,2022-09-09,,,
8b3d9554e683e928ff60,UNKNOWN,Deactivated,2022-08-08,2022-09-26,,,
8e2a74e11bec671d4f1d,E05011399,created,2022-08-08,,,,
a1f6bcc730c952e392e6,E05011410,applied,2022-08-08,2022-09-09,,,
b6e259a18c4a68c1a6d1,UNKNOWN,Deactivated,2022-08-08,2022-09-26,,,
b6e79acb9f2a72a0ba99,E05011390,applied,2022-08-08,2022-09-09,,,
c0114bb98cb4ccc9200d,E05011397,applied,2022-08-08,2022-09-27,,,
d48bd097f6a8d5ec0f9f,E05011402,applied,2022-08-08,2022-09-29,,,
d93fb20f6579275ced8d,E05011411,applied,2022-08-08,2022-10-03,,,
db438f3848b3464f80ba,E05011410,offered,2022-08-08,2022-09-27,2022-10-15,,
251792219cc06c874d6f,E05011403,applied,2022-08-09,2022-09-16,,,
2724f654b6f5a2eca09e,E05011401,applied,2022-08-09,2022-09-09,,,
2e94e547fad17b1b8d15,E05011406,offered,2022-08-09,2022-09-27,2022-10-15,,
30f70e5db1ac615ed4d7,E05011399,applied,2022-08-09,2022-09-16,,,
4417e696f5dc7c4f68d8,E05011403,offered,2022-08-09,2022-09-27,2022-10-15,,
5771248a341059b5359d,E05011402,offered,2022-08-09,2022-10-03,2022-10-15,,
66c3e46ac7cf3f8c7121,E05011397,created,2022-08-09,,,,
7551f1cdaa4212aab331,E05011547,applied,2022-08-09,2022-09-16,,,
81f0f2c7302188435605,E05001353,created,2022-08-09,,,,
826101bbc3e146f7cf02,E05011413,applied,2022-08-09,2022-09-09,,,
8cb643b0b8f22b47b634,E05011394,created,2022-08-09,,,,
a4213e354fb972bf373c,E05011405,offered,2022-08-09,2022-09-27,2022-10-15,,
a70675e3af367394f2d5,E05011403,applied,2022-08-09,2022-09-09,,,
b428cf251cf5183c5e81,UNKNOWN,Deactivated,2022-08-09,2022-09-09,,,
bd9a0066c27d6f32eb59,E05011403,applied,2022-08-09,2022-09-21,,,
e7ad5ffdccb35931ba0d,E05011397,created,2022-08-09,,,,
f5d34a04ff2d55a7d95a,E05011410,created,2022-08-09,,,,
f68518a99e346668cd16,E05011411,created,2022-08-09,,,,
fe53cdc1d17a84a00b28,E05011363,applied,2022-08-09,2022-10-26,,,
00ab693b85f79d8abfea,E05011413,applied,2022-08-10,2022-09-21,,,
5a78ebd1b2c64d253c3e,E05013831,applied,2022-08-10,2022-09-09,,,
64f76821116833ed3a11,E05001342,applied,2022-08-10,2022-09-09,,,
66e32c849bec330d9592,E05011387,created,2022-08-10,,,,
d13731fefa6baa63d282,E05011547,created,2022-08-10,,,,
f3bb6b610bec64aa3a50,E05011394,applied,2022-08-10,2022-09-09,,,
16bf8ab30cdea9f7b14f,E05011405,applied,2022-08-11,2022-09-14,,,
35f0e93ab3ec1e3f3cde,E05001353,applied,2022-08-11,2022-09-29,2022-10-15,,
40634402594c8289c480,E05011547,applied,2022-08-11,2022-09-09,,,
46b137e46e5ed68c4322,E05011402,applied,2022-08-11,2022-09-16,,,
60bd48ffeab747b9a4b5,E05011411,applied,2022-08-11,2022-09-09,,,
6c8986e9166e059e7789,E05011396,applied,2022-08-11,2022-09-16,,,
7884d7cf7b7f07427916,E05011411,applied,2022-08-11,2022-10-03,,,
8263cb9156e923f81afa,UNKNOWN,applied,2022-08-11,2022-09-21,,,
8a34b58111dfd214393a,E05011403,applied,2022-08-11,2022-09-09,,,
8a7dea13ecbb24e9f2a2,E05011413,applied,2022-08-11,2022-09-16,,,
8b8a8b639860f15cb79e,E05011403,created,2022-08-11,,,,
a30e38af1323a6bb6b40,E05011390,applied,2022-08-11,2022-09-09,,,
af6f1ef0553c442efdb2,E05011409,applied,2022-08-11,2022-09-09,,,
baf8f1186d590974949e,E05011549,applied,2022-08-11,2022-09-09,,,
c52417c5848e7505b2b4,E05001362,created,2022-08-11,,,,
ca830a030cce038b979b,E05011407,offered,2022-08-11,2022-09-27,2022-10-15,,
d5e8e399dd3b08001073,E05012841,offered,2022-08-11,2022-09-27,2022-10-15,,
f0594d09c34c26c6c401,E05011402,applied,2022-08-11,2022-09-09,,,
2c1444e90c1e15ec6419,E05011402,applied,2022-08-12,2022-09-09,,,
314e6dfd4904b4fbe52d,E05013831,applied,2022-08-12,2022-09-10,,,
4f8e515485438d1adc89,E05011401,applied,2022-08-12,2022-09-09,,,
692ff43e5115ced38954,E05011547,created,2022-08-12,,,,
70334365ccdce37459ef,E05011405,applied,2022-08-12,2022-09-16,,,
92461b2cbbdc8a462871,E05010058,created,2022-08-12,,,,
94be42dc87741df481b1,UNKNOWN,applied,2022-08-12,2022-09-16,,,
9a454df015d600a68503,E05011403,applied,2022-08-12,2022-09-09,,,
adce1e8d45db7fa69c60,E05011387,offered,2022-08-12,2022-09-27,2022-10-15,,
b0c6d6383e0814b7fa4f,E05011397,created,2022-08-12,,,,
e7ccb4a2f2f0c058753a,E05011390,applied,2022-08-12,2022-09-09,,,
ec4243e74e6ebe3c0ff0,E05011402,applied,2022-08-12,2022-09-09,,,
f92d7693126d5477c45c,E05011396,applied,2022-08-12,2022-09-16,,,
631303c6db08ed182349,UNKNOWN,created,2022-08-13,,,,
8e05a5817017e9497f1a,E05011384,offered,2022-08-13,2022-09-27,2022-10-15,,
98912843e07ed375ed86,E05011389,created,2022-08-13,,,,
aaef7c17d49444e1b3d4,E05001366,created,2022-08-13,,,,
cda74ff6cb75de0c52b1,E05011401,applied,2022-08-13,2022-09-09,,,
d33934ffb8762a3dfc0c,E05011407,applied,2022-08-13,2022-09-09,,,
02b3b79a2b97d2075e6e,E05011402,created,2022-08-14,,,,
43974f8084728bda97b1,UNKNOWN,applied,2022-08-14,2022-10-03,,,
4b1a06fa7909e6c2de25,E05011403,created,2022-08-14,,,,
4cdfffc17b647ded9137,E05000813,applied,2022-08-14,2022-09-09,,,
b45def583ad2f6b9157c,E05001448,created,2022-08-14,,,,
dede69214c55e1ce7413,E05011411,created,2022-08-14,,,,
fc36e73441552c89d85d,E05011397,applied,2022-08-14,2022-09-16,,,
03f4087e45902744526f,E05008559,created,2022-08-15,,,,
11ae6c609ef2268b5a97,E05011413,applied,2022-08-15,2022-09-09,,,
4550de57653f6ee19573,E05011397,created,2022-08-15,,,,
51be5a966983fd155b7a,E05001356,created,2022-08-15,,,,
51cf8706377d7d78e367,E05011403,created,2022-08-15,,,,
72543f865de4645e7bef,E05011405,applied,2022-08-15,2022-09-22,,,
b4d70b278661373f9889,E05011389,created,2022-08-15,,,,
b536faf26d7d1a6b6a41,E05011335,created,2022-08-15,,,,
bfd05b1e412a0f01af2c,E05011389,created,2022-08-15,,,,
dbc850544ba3c5d836da,E05011399,applied,2022-08-15,2022-09-16,,,
edf871e3df97f70b6299,E05011406,created,2022-08-15,,,,
129a4445d3b0abed059a,UNKNOWN,created,2022-08-16,,,,
1303aecd52db247b24a3,E05011400,offered,2022-08-16,2022-09-28,2022-10-15,,
305a205c653b5416a2ce,E05011396,applied,2022-08-16,2022-09-09,,,
3fe032da06ff01db0315,UNKNOWN,created,2022-08-16,,,,
4e9a9c5f5084757f104a,E05011402,created,2022-08-16,,,,
5f0ff05a2f2888af4cf9,E05011397,applied,2022-08-16,2022-09-16,,,
7315531b2572aeaf3a12,E05011394,created,2022-08-16,,,,
7a573d2586203fbf8dd7,E05011397,applied,2022-08-16,2022-09-22,,,
dc05724d4bc578a1e49e,E05011390,offered,2022-08-16,2022-09-26,2022-10-15,,
dc2d904a8ce3e0f936d1,E05011388,created,2022-08-16,,,,
0cf1e825a1e82167e099,E05011397,applied,2022-08-17,2022-09-16,,,
12e8b8a9e0b269416e99,E05011413,created,2022-08-17,,,,
15044c92a1cfa3696042,E05011409,created,2022-08-17,,,,
27485363df35e8536ced,E05011549,created,2022-08-17,,,,
3f09ba1b9ae64366e018,E05012841,applied,2022-08-17,2022-09-09,,,
44feafd1a37c2f608c97,E05012647,applied,2022-08-17,2022-09-09,,,
49f7d32831083e9f2a23,E05011405,applied,2022-08-17,2022-09-09,,,
4df018c7bda48bcae509,E05012842,created,2022-08-17,,,,
5328772e95c0bdebc7e8,E05011549,applied,2022-08-17,2022-09-16,,,
5363bf3bd9d022935e0c,E05011397,created,2022-08-17,,,,
679755712f404c5e8c20,E05011410,applied,2022-08-17,2022-09-26,,,
7231df5b63b87da20761,E05012842,created,2022-08-17,,,,
93027eb5c9999c2294d5,E05010059,applied,2022-08-17,2022-09-16,,,
989e587a7f6e161fa71e,E05001341,created,2022-08-17,,,,
a8ffeee93ef1774c1772,E05011403,created,2022-08-17,,,,
c1eb2c5288a5666c780d,E05012648,created,2022-08-17,,,,
c95ad1b87e1b50cdbc2e,E05001700,offered,2022-08-17,2022-10-03,2022-10-15,,
cc253fb550f885001f57,E05011390,created,2022-08-17,,,,
d53673bcc5eba6adb94b,E05001461,created,2022-08-17,,,,
da73a939062fbacb7df6,E05001343,applied,2022-08-17,2022-09-16,,,
e248f1ace75d0829d839,E05011384,offered,2022-08-17,2022-10-05,2022-10-15,,
05fa7876be1790568d03,E05012994,created,2022-08-18,,,,
40ac6b4f39ffd3dc62aa,E05011395,created,2022-08-18,,,,
733e012bff1ced96e480,E05011411,created,2022-08-18,,,,
890e621e3b62966f2090,E05012842,applied,2022-08-18,2022-09-16,,,
96689927433a9f4e0d64,E05012648,applied,2022-08-18,2022-10-05,,,
a856c47e23c67621c34b,E05013831,applied,2022-08-18,2022-09-09,,,
02863f718c56723f8c61,E05011547,applied,2022-08-19,2022-09-14,,,
1206d107851916757d18,E05001366,applied,2022-08-19,2022-09-09,,,
2ba72f3bf4e7411a46d3,E05012841,applied,2022-08-19,2022-10-21,,,
30cc0e0a2602ca634010,E05013831,applied,2022-08-19,2022-10-28,,,
9fd74c3c67525a343f4f,E05011390,offered,2022-08-19,2022-09-27,2022-10-15,,
afc57c8b7b82d93b70cc,UNKNOWN,created,2022-08-19,,,,
507175d519cdc324a9a0,E05011394,created,2022-08-20,,,,
692b8c5c7cfa996edd0a,E05011389,applied,2022-08-20,2022-09-09,,,
a1fcc997634137721ce6,E05011403,applied,2022-08-20,2022-09-22,,,
c649771a59393dedbed0,E05011390,applied,2022-08-20,2022-09-14,,,
c9c103bac3a568463277,E05011403,applied,2022-08-20,2022-09-09,,,
d891939d6e0814d79028,E05001372,applied,2022-08-20,2022-09-09,,,
1461bdb9e41f6ace3dab,E05001377,applied,2022-08-21,2022-09-09,,,
28698d2410e50d478b8f,E05012842,created,2022-08-21,,,,
b2f96ce2ab0b25591459,E05011411,applied,2022-08-21,2022-09-09,,,
ed75be445821f85c06da,E05011387,applied,2022-08-21,2022-09-09,,,
fcea1055ec6d2822c4b6,E05011411,applied,2022-08-21,2022-09-09,,,
37bb19f08715b34f5063,E05011389,applied,2022-08-22,2022-09-26,,,
4968c43ecb0bd4a5a3ae,E05011403,applied,2022-08-22,2022-09-16,,,
53d378a3b304ddb1c2d5,E05001455,applied,2022-08-22,2022-09-09,,,
75c7385a33b1ce179b6b,E05013831,applied,2022-08-22,2022-09-09,,,
8bd3dbd55b81c1aef928,E05011390,applied,2022-08-22,2022-09-09,,,
8c5246c6af80f8378344,E05001462,created,2022-08-22,,,,
b1178c1a43d8f7fe68ae,E05011403,created,2022-08-22,,,,
ef64b42c4ddb1ac0f3fd,E05011399,created,2022-08-22,,,,
1968dc9f8e660a83f395,E05001358,created,2022-08-23,,,,
5043d1f316a656455c9e,E05011403,applied,2022-08-23,2022-09-16,,,
53146420db7e7de8d248,E05001357,applied,2022-08-23,2022-09-25,,,
631d00b1c88641a36144,E05011547,created,2022-08-23,,,,
6f2a982bcb3c8ca0598a,E05011547,created,2022-08-23,,,,
895098db1aa72dafb605,E05012842,applied,2022-08-23,2022-09-09,,,
9a7843c7940c5ec3a8b7,E05011413,created,2022-08-23,,,,
a1b705fe0e6a6f781332,E05011405,created,2022-08-23,,,,
e8643909623ebad55221,E05011400,offered,2022-08-23,2022-09-28,2022-10-15,,
01de1c02757938328b47,E05011403,applied,2022-08-24,2022-09-16,,,
1bc7cef2c7cf7412a5da,E05011409,applied,2022-08-24,2022-09-09,,,
3ac6e4a11230ca187e44,UNKNOWN,created,2022-08-24,,,,
577212fbf6df78d5d847,E05012841,applied,2022-08-24,2022-09-09,,,
9827118e5fbd0269a416,E05012648,applied,2022-08-24,2022-09-09,,,
bbe326c20863e2230369,E05011403,applied,2022-08-24,2022-09-16,,,
bf9f0ba18c77f262d994,E05011406,applied,2022-08-24,2022-09-09,,,
daca7098329eb6d32d42,E05011413,created,2022-08-24,,,,
dbb6a862cd3112674b87,E05011407,created,2022-08-24,,,,
1b66d2864292ec301229,E05011387,created,2022-08-25,,,,
89c676d5abdf880bd80d,E05011385,created,2022-08-25,,,,
cd0acc4f8cf915d97d66,E05011395,offered,2022-08-25,2022-09-27,2022-10-15,,
d18289897ae654ee1ebb,E05011389,offered,2022-08-25,2022-09-27,2022-10-15,,
f980a13b631af30551fa,E05001462,applied,2022-08-25,2022-09-26,,,
031170015f6e37710a83,E05011399,applied,2022-08-26,2022-09-21,,,
0de0d00404a3ae1489ff,E05011397,created,2022-08-26,,,,
1f87dd2bc56042f5dbe2,E05012841,applied,2022-08-26,2022-09-16,,,
3704294cc5e1a1270e88,UNKNOWN,created,2022-08-26,,,,
631a705e796211671f4e,E05011333,created,2022-08-26,,,,
6ee6d8e98980054a3afc,UNKNOWN,Deactivated,2022-08-26,2022-09-09,,,
84a3fbce84b7ee702201,E05011401,applied,2022-08-26,2022-09-09,,,
908ef81a45f61f74b6e8,E05011395,applied,2022-08-26,2022-09-27,,,
98061b63a8efc9eebbb7,E05011391,created,2022-08-26,,,,
b8d833ca4a80ee0774f6,E05011399,created,2022-08-26,,,,
bf85fe2c44a03c2fc292,E05011397,applied,2022-08-26,2022-09-22,,,
c49e08178658bbe60be6,E05011411,created,2022-08-26,,,,
d538f6b231b28cdb2aa3,E05011411,created,2022-08-26,,,,
dbb80d26ba4df6aea184,E05001354,applied,2022-08-26,2022-09-09,,,
e56d1aedd04244bbbc80,E05011384,applied,2022-08-26,2022-09-26,,,
ea8d75bdd423ca8ea762,E05011385,offered,2022-08-26,2022-09-27,2022-10-15,,
eaa8f57b248fd4a5ecd0,E05001403,applied,2022-08-26,2022-09-21,,,
ec37aa53450c66e59dbd,E05011396,created,2022-08-26,,,,
edbb2d31261a1e8c171d,E05011411,applied,2022-08-26,2022-09-26,,,
f97e61befb2680cda4b5,E05011399,applied,2022-08-26,2022-09-09,,,
b7a5e0a0cdff9d0759f4,UNKNOWN,Deactivated,2022-08-27,2022-09-09,,,
baef9f391782cdc8b138,UNKNOWN,created,2022-08-27,,,,
d051adcbc69d944d5438,E05012842,applied,2022-08-27,2022-09-09,,,
ee7257a9660f59fe7669,E05011411,applied,2022-08-27,2022-09-29,,,
fc1b3c3c838c2aa5a2ef,E05013831,applied,2022-08-27,2022-09-09,,,
133a8be457f3bd95102f,E05011403,applied,2022-08-28,2022-09-16,,,
45ca4ac0b5e6248a6dcc,UNKNOWN,Deactivated,2022-08-28,2022-09-15,,,
4ae67f285f0fe11163c6,E05001463,applied,2022-08-28,2022-09-21,,,
800601815214f9e86c7d,UNKNOWN,created,2022-08-28,,,,
8c8faec7dc242b587c9e,E05011411,applied,2022-08-28,2022-09-09,,,
8c995d81f42566a53e70,E05001356,created,2022-08-28,,,,
8eb5ca530eed23964f9a,E05011403,created,2022-08-28,,,,
933fe4c800b5825306f3,E05012842,created,2022-08-28,,,,
a857eea082b847f317c0,E05011389,applied,2022-08-28,2022-09-09,,,
19e8e04692350b79555b,UNKNOWN,created,2022-08-29,,,,
1a6bc678cde145f49e94,UNKNOWN,created,2022-08-29,,,,
2d574b5391bc83f2e9a1,UNKNOWN,created,2022-08-29,,,,
7cd1be3c435ee4a3766f,UNKNOWN,created,2022-08-29,,,,
8577714fe7cb6afd5387,UNKNOWN,Deactivated,2022-08-29,2022-09-09,,,
8da80a1a2cce1b9a5392,E05011403,created,2022-08-29,,,,
974235faf99a676565b3,E05001393,applied,2022-08-29,2022-09-09,,,
982cfbb08477d9deed41,E05011413,created,2022-08-29,,,,
ac1a32be350e643706cd,UNKNOWN,Deactivated,2022-08-29,2022-09-21,,,
d8856a8e4cbef03d55b5,UNKNOWN,Deactivated,2022-08-29,2022-09-09,,,
10f5cdf0f4e103a382c4,E05011547,offered,2022-08-30,2022-09-29,2022-10-15,,
116d4979aaf29213ab7c,E05011547,applied,2022-08-30,2022-09-09,,,
39a4f3faeef92712171d,E05011399,created,2022-08-30,,,,
3c036878c0b3c1ac12d8,E05010774,created,2022-08-30,,,,
48b7fdec469812dfe899,E05011397,created,2022-08-30,,,,
673c0e6c30b0aea7b82d,UNKNOWN,Deactivated,2022-08-30,2022-09-09,,,
9b417c23db61c04c1d69,E05010326,created,2022-08-30,,,,
a1a404e49cb5c13d3b86,E05011409,created,2022-08-30,,,,
ae97c9a96b2f713176c4,E05011400,applied,2022-08-30,2022-09-16,,,
da4dd2bb2e91ad3da563,E05011384,created,2022-08-30,,,,
2140f0bb01c5d06bcd48,E05011413,created,2022-08-31,,,,
415182907454a44d046a,UNKNOWN,created,2022-08-31,,,,
6a73a19762ef8885026d,E05011405,created,2022-08-31,,,,
94a9cf3e225ee547f177,E05013831,applied,2022-08-31,2022-09-16,,,
aa78c707936cbd0ae77f,E05011391,applied,2022-08-31,2022-09-23,,,
b5eb59f9a5e068afe014,E05011413,applied,2022-08-31,2022-09-09,,,
b73c112ddce72b9dfd48,E05010058,applied,2022-08-31,2022-09-16,,,
d09d5bebcafb4e262f13,E05011403,created,2022-08-31,,,,
df7e41efae8e559060c4,E05000979,created,2022-08-31,,,,
f9071620fbe8842e15f1,E05011399,applied,2022-08-31,2022-09-26,,,
0758f4e0a952d173de47,E05012841,applied,2022-09-01,2022-09-09,,,
23fceab0197d55d46424,E05001456,created,2022-09-01,,,,
2849565a7bb2a7cd8536,E05001356,applied,2022-09-01,2022-09-16,,,
32a113755ade454a8ed8,UNKNOWN,created,2022-09-01,,,,
48f521a1c5fc1db3e531,E05011409,created,2022-09-01,,,,
5881e5804dac9a099a7b,E05011395,created,2022-09-01,,,,
5f91b9dc52223c0d85ca,E05001353,created,2022-09-01,,,,
71f477ddc8eb09e901d7,E05011401,created,2022-09-01,,,,
72d98d492c9391999eee,E05011404,created,2022-09-01,,,,
7d83f76a4c83d5de37ba,E05011409,applied,2022-09-01,2022-09-16,,,
99477b3c5d156c1e13ed,E05011547,applied,2022-09-01,2022-09-16,,,
cc69746a2c6c06376308,UNKNOWN,created,2022-09-01,,,,
d499105acc8414e985cf,E05011413,created,2022-09-01,,,,
00ca155a7fd2f68ca189,E05011400,applied,2022-09-02,2022-09-09,,,
04ef69cd0d31de3db037,E05012647,applied,2022-09-02,2022-09-09,,,
0af3a64b7dd570bca42d,E05010056,Deactivated,2022-09-02,2022-09-28,,,
2beafd4b17f5374b1664,E05013830,applied,2022-09-02,2022-09-09,,,
2d3502fd78e4fdd6921b,E05011317,created,2022-09-02,,,,
4c8ccad020fe20cbf8b8,E05001341,created,2022-09-02,,,,
59f69e4b6dc3af67ac15,E05001393,applied,2022-09-02,2022-09-09,,,
ce8ab59406fe191b2400,E05011411,created,2022-09-02,,,,
de94f2e0472f2e6e83a0,UNKNOWN,Deactivated,2022-09-02,2022-09-09,,,
2363eed637a4851195ed,E05011389,created,2022-09-03,,,,
52f494e6127b9fbde2d3,E05011547,created,2022-09-03,,,,
7ea4d602b8fae6cc9e44,E05001405,applied,2022-09-03,2022-09-09,,,
8408bf74535848bd674c,E05011394,applied,2022-09-03,2022-09-09,,,
9a54fe26089dc33a21f3,E05011397,created,2022-09-03,,,,
c65bfbffd559e3d2844b,E05011409,applied,2022-09-03,2022-09-09,,,
df94d614c9297413e4bd,E05001343,created,2022-09-03,,,,
11f8d23bb6dc39791b8e,E05011403,applied,2022-09-04,2022-09-29,,,
3ea56b80cedac30d0af5,E05001444,applied,2022-09-04,2022-09-21,,,
4a2c71b1f9a90e73b414,E05011385,applied,2022-09-04,2022-09-09,,,
52ee997f5ead0da49e3c,E05011413,applied,2022-09-04,2022-09-15,,,
58d9e054bb62a9645b3a,E05011547,created,2022-09-04,,,,
65545f7b1605e642e367,E05011399,applied,2022-09-04,2022-09-09,,,
73ef207795051d3e8441,UNKNOWN,created,2022-09-04,,,,
76d341553426188d9e76,E05011402,applied,2022-09-04,2022-09-09,,,
81efb5055921f56b96c1,E05013830,created,2022-09-04,,,,
98cee68d38ebdd5c98f2,E05011547,applied,2022-09-04,2022-09-26,2022-10-15,,
aeda915cdc58ba9c3a4d,E05011403,created,2022-09-04,,,,
b4736e9c851f07f3f316,E05011405,created,2022-09-04,,,,
b67af82b3712ace21dd1,E05011388,created,2022-09-04,,,,
c1044b252072a6af1426,E05011384,applied,2022-09-04,2022-09-09,,,
d4fa55410039eb91aae1,E05012648,applied,2022-09-04,2022-09-09,,,
e8427631588577f17de9,E05011390,created,2022-09-04,,,,
f90819cbf1eaab097cf0,E05011409,applied,2022-09-04,2022-09-09,,,
2037f595dea3ee01565c,E05012841,created,2022-09-05,,,,
5ab5ce021f42db217be8,E05011391,applied,2022-09-05,2022-09-09,,,
908944479a777b6ab83d,E05010057,applied,2022-09-05,2022-09-09,,,
b1ee28aad62b8875430c,E05011399,applied,2022-09-05,2022-09-23,,,
c19144f7a2545a8beac3,E05011403,applied,2022-09-05,2022-09-16,,,
c6fa638b2f04189b740b,E05011387,applied,2022-09-05,2022-09-09,,,
da3dbfebfa235bb50221,UNKNOWN,Deactivated,2022-09-05,2022-09-09,,,
dd73c95380b45ca77e02,E05011385,created,2022-09-05,,,,
dfa3df08301db3f24372,E05010738,created,2022-09-05,,,,
e0feccf302b71d2e5703,E05011397,created,2022-09-05,,,,
ea811d497a884bddb8cd,E05011395,applied,2022-09-05,2022-09-16,,,
3322425fce7f2f5956fb,E05011402,created,2022-09-06,,,,
3675a73a3a7dee1aae21,E05011402,applied,2022-09-06,2022-09-16,,,
7afac60fbef792cff5d9,E05011399,applied,2022-09-06,2022-09-22,,,
cf33139f8f71091e5eb6,E05011404,applied,2022-09-06,2022-09-09,,,
0956a16c47ff86b11de2,E05011390,applied,2022-09-07,2022-09-16,,,
1ba03482795eecc61dd8,UNKNOWN,created,2022-09-07,,,,
4b931983dbb2ac71f252,E05012647,applied,2022-09-07,2022-09-26,,,
4bf8e62c7c9e634c8609,E05011413,applied,2022-09-07,2022-09-09,,,
57b5e97e2f6dce1f7e0f,E05011397,applied,2022-09-07,2022-09-16,,,
597b8c20c06e82f5c286,E05011390,applied,2022-09-07,2022-09-16,,,
645ff6124064db7c731b,E05001408,created,2022-09-07,,,,
6e4bf2b449c0f182e5fc,E05011390,created,2022-09-07,,,,
8b0a8130888b8062b759,UNKNOWN,,2022-09-07,,,,
a58105e085efbce3b23b,E05011390,applied,2022-09-07,2022-09-22,,,
a6185dc5c399b9267dd9,E05011403,created,2022-09-07,,,,
aa37c21c6c4bce2dc491,UNKNOWN,created,2022-09-07,,,,
b15fbab386a7ddb2c62c,E05011390,created,2022-09-07,,,,
bfd6b2d8c6dd127cb481,E05011409,created,2022-09-07,,,,
c4c99ca91f2979ba8562,E05011403,applied,2022-09-07,2022-09-09,,,
d6a6e04c99d25a10ef60,E05011390,created,2022-09-07,,,,
d859f3c31688334d128a,UNKNOWN,created,2022-09-07,,,,
de545d2010d72f1ccaae,E05011390,created,2022-09-07,,,,
e3be358f3f6792d2dc90,E05011403,created,2022-09-07,,,,
29228bf5e6fcd09d3d63,E05011390,created,2022-09-08,,,,
3ca7b1a750dbf411eb28,E05011390,created,2022-09-08,,,,
96a064ca3c43b96a601f,E05011397,applied,2022-09-08,2022-09-09,,,
a25d4c10238a0bba4ae0,E05011390,created,2022-09-08,,,,
ad4e2b68cfe81aa48acf,E05001355,created,2022-09-08,,,,
b4157b28e76cdee248eb,E05011403,created,2022-09-08,,,,
cc0664524258ad5a52a9,E05012842,applied,2022-09-08,2022-09-27,2022-10-15,,
01216c9a302e2d2957fd,E05011400,applied,2022-09-09,2022-09-12,,,
19b39675bfd188690172,E05001403,applied,2022-09-09,2022-09-09,,,
2239e12ba7207728a328,E05011405,applied,2022-09-09,2022-10-04,,,
23d9ac45f549473fde1c,E05011549,created,2022-09-09,,,,
34feb5f87eb06dab91b2,E05011388,created,2022-09-09,,,,
3a1d3f8a9aab18bb00dd,E05012841,applied,2022-09-09,2022-09-29,,,
473a5f0209874480eefa,E05011411,applied,2022-09-09,2022-09-09,,,
4f6cdcf346ec1f84a965,UNKNOWN,offered,2022-09-09,2022-09-27,2022-10-15,,
519655475fbe8ac71419,E05001350,offered,2022-09-09,2022-09-29,2022-10-15,,
538fede9126f5c72409f,E05011414,applied,2022-09-09,2022-09-09,,,
55321c37148852f03b0f,E05012647,created,2022-09-09,,,,
56de55314d3be5593cea,E05011389,applied,2022-09-09,2022-09-16,,,
5d2e45b3e5a9faa33a9d,E05011397,applied,2022-09-09,2022-09-12,,,
5e1f2d88bb4349a1a817,E05011399,created,2022-09-09,,,,
5e4e6e4b61f41815b774,E05011400,created,2022-09-09,,,,
6564901874df09abe49a,E05011390,created,2022-09-09,,,,
68c88794b91303b2d123,E05001455,applied,2022-09-09,2022-09-09,,,
6cf4f2d1d035b0f99c90,E05012841,applied,2022-09-09,2022-09-16,,,
7698badf57cb1eba60d1,E05011385,applied,2022-09-09,2022-09-12,,,
77a373f81ff46a12deac,E05011384,created,2022-09-09,,,,
8afd50a4dbe7acb51f62,E05011399,created,2022-09-09,,,,
90bd1a0066518fa365c8,E05011409,created,2022-09-09,,,,
9305e6a5a2713aa37f87,E05001399,created,2022-09-09,,,,
94bf40879e77fa4d8b51,E05011399,offered,2022-09-09,2022-09-28,2022-10-15,,
94ea15a8fd63524d0f28,E05011547,created,2022-09-09,,,,
95fd3972f19c713aeced,E05001460,created,2022-09-09,,,,
973e413a3112b03b7772,E05011411,offered,2022-09-09,2022-09-28,2022-10-15,,
99144cfa1ccd178dced9,E05010319,applied,2022-09-09,2022-09-21,,,
9c8013f9bee3f125e029,UNKNOWN,created,2022-09-09,,,,
9de8cda67e6c63425c59,E05011390,applied,2022-09-09,2022-09-16,,,
9ef746dcb4336ecbfe9a,E05013830,offered,2022-09-09,2022-09-28,2022-10-15,,
a8dba8c0d906d3958323,E05011409,created,2022-09-09,,,,
b0c9b9fc35a8cfb548ac,E05011409,created,2022-09-09,,,,
b2bd92928a7e295bdfc4,E05011402,created,2022-09-09,,,,
b786292c91fd4ec34307,E05011389,offered,2022-09-09,2022-09-27,2022-10-15,,
b9c29c3613e7e3edf34b,E05012841,applied,2022-09-09,2022-09-16,,,
bc3dd217d68fb9635afa,E05011407,created,2022-09-09,,,,
c33c50a64e56f3064600,E05011389,created,2022-09-09,,,,
c7efdd3020a35fe0f953,E05011390,created,2022-09-09,,,,
cc2f1fe13324f3178e9a,E05001461,created,2022-09-09,,,,
d007a849cf3f9fb36fd2,E05011402,applied,2022-09-09,2022-09-26,2022-10-21,,
d294f6f403d56841f47f,E05011397,applied,2022-09-09,2022-09-27,2022-10-15,,
d3de3c6a47a685338e5a,E05011396,applied,2022-09-09,2022-09-16,,,
d4afd1f219a6a2925cb6,E05011390,applied,2022-09-09,2022-09-16,,,
ddcea10d4f8c6a9821d2,E05011391,offered,2022-09-09,2022-09-28,2022-10-15,,
e25713519c86d55e36ec,E05011411,applied,2022-09-09,2022-09-12,,,
ecee4ad263f3a97b0ce0,E05011409,applied,2022-09-09,2022-09-09,,,
f67162c775b74ea8796d,E05011409,applied,2022-09-09,2022-09-12,,,
fd474e0d7a889181cae2,E05012648,created,2022-09-09,,,,
fe1370c064e75d6cbb90,E05011411,applied,2022-09-09,2022-09-09,,,
11779111105fefe94cb0,E05001392,applied,2022-09-10,2022-09-12,,,
2c9d99d02934aaa286b5,E05011390,created,2022-09-10,,,,
3395bf4955cc029b0800,E05011405,created,2022-09-10,,,,
35c00616b6ff90637e6e,E05011390,created,2022-09-10,,,,
413d16b09665be0f2329,E05011403,created,2022-09-10,,,,
70c6f5ac1f9cbf6a204f,E05011388,created,2022-09-10,,,,
7228330da15baca415f6,E05010044,created,2022-09-10,,,,
815e4f3ff09763983418,E05011547,applied,2022-09-10,2022-09-12,,,
a8282f2bef8dd16cc86c,E05011411,offered,2022-09-10,2022-09-28,2022-10-15,,
c0eb0531e467ce643dc6,E05012647,Deactivated,2022-09-10,2022-09-26,,,2022-10-15
dadff6ad5ad53b3ed318,UNKNOWN,created,2022-09-10,,,,
dd57487f4b6a0b4c7f26,E05001403,created,2022-09-10,,,,
ee7423d20219249730d0,E05011389,applied,2022-09-10,2022-09-12,,,
0623036e668299646c46,E05012648,created,2022-09-11,,,,
6dfe5885a089596e0ec0,E05011397,created,2022-09-11,,,,
736067f7810c10009263,E05011547,created,2022-09-11,,,,
ba255b65717b3e980a80,E05011411,created,2022-09-11,,,,
c5e8ce5b7d2ebace7789,E05011396,applied,2022-09-11,2022-09-12,,,
e5b6ef26d7eac7e19cc0,UNKNOWN,created,2022-09-11,,,,
ec04b8ef458141347936,E05011407,created,2022-09-11,,,,
fdcfb6842982e5a31ab8,E05011390,applied,2022-09-11,2022-09-12,,,
0696fcaca081e999d269,E05001391,offered,2022-09-12,2022-09-29,2022-10-15,,
3764f4449b1f272baec0,E05011405,applied,2022-09-12,2022-09-15,,,
4844e3a5fe76bd45b92f,E05010318,applied,2022-09-12,2022-09-16,,,
5ad37d18f5c82348e5bf,E05011333,created,2022-09-12,,,,
65a905f64c6285553aef,UNKNOWN,created,2022-09-12,,,,
66127ff1c9083574cc11,E05011403,created,2022-09-12,,,,
7fc0e42bded06e76129a,E05011409,applied,2022-09-12,2022-09-13,,,
850b5c44e42385694721,E05011547,created,2022-09-12,,,,
c6b1889f96b4c7c15091,E05011403,created,2022-09-12,,,,
f99d20c3a78e08eee55d,E05011390,applied,2022-09-12,2022-10-12,,,
1865f17b37aa78042f22,E05001392,offered,2022-09-13,2022-09-27,2022-10-15,,
94f9811a13ca48bd1473,E05012647,applied,2022-09-13,2022-09-14,,,
cdfeffbff721e2e18ff6,E05011389,created,2022-09-13,,,,
108c61c90cde5240dc21,E05011411,created,2022-09-14,,,,
193bd2eb4e314fd294aa,E05001446,applied,2022-09-14,2022-09-26,,,
23e4c4f3365069f718c4,E05011397,created,2022-09-14,,,,
2e2cf2efd4cc0d8b569f,E05011389,applied,2022-09-14,2022-09-16,,,
42e3825536a76740eb8b,E05011327,applied,2022-09-14,2022-09-15,,,
4b2210ef0b9aeed2a886,E05011413,created,2022-09-14,,,,
8d5cb0fad039248cff8d,E05011399,created,2022-09-14,,,,
9b187e9c52f5b9b4fa2e,E05012648,applied,2022-09-14,2022-09-14,,,
a3d67b3cfc6f7462e515,E05011385,applied,2022-09-14,2022-09-14,,,
e090b7c6d996af8a67c6,E05011327,applied,2022-09-14,2022-09-15,,,
f3fcc68c61b2fafbf344,E05011411,created,2022-09-14,,,,
f559c8cbea2fa7440fd1,E05012841,offered,2022-09-14,2022-09-28,2022-10-15,,
fe1714cb3a159fbcbda2,E05011411,applied,2022-09-14,2022-09-23,,,
0b7602f9a03dda5541ac,E05011388,applied,2022-09-15,2022-09-15,,,
0b96f3d0047fd3a5a917,E05010058,applied,2022-09-15,2022-09-27,,,
144c0ac65f0f703cff01,E05011397,applied,2022-09-15,2022-09-16,,,
1e2852ca182a0373458e,E05011387,created,2022-09-15,,,,
216fcdd753ec823ef983,E05011402,created,2022-09-15,,,,
22607a93ba451c181902,E05012842,applied,2022-09-15,2022-09-16,,,
2ae9f38c3b83fba50646,E05013830,applied,2022-09-15,2022-09-15,,,
472f2a4374a3a8a29f96,E05012647,created,2022-09-15,,,,
53fe7b8f0e2e8a103b9e,E05001366,created,2022-09-15,,,,
621f4a7a14cc6def63d6,E05001353,applied,2022-09-15,2022-09-21,,,
664701fa5f3f025abde7,E05012647,applied,2022-09-15,2022-09-16,,,
737e62ea34002efeaed7,E05012841,offered,2022-09-15,2022-09-28,2022-10-15,,
74a239f4444953c70c1a,E05011394,applied,2022-09-15,2022-09-29,,,
87713cbeb1ab899e2d9a,E05013831,created,2022-09-15,,,,
a2515b75aa52f21c3810,E05011405,created,2022-09-15,,,,
ac6625b2a8f6360b1561,E05011389,applied,2022-09-15,2022-09-15,,,
b36d355dd58575c7441f,E05011395,offered,2022-09-15,2022-10-03,2022-10-21,,
b9f6d8da5ff6038d4ce3,E05011405,applied,2022-09-15,2022-09-15,,,
eb380f698b8812062760,E05012841,applied,2022-09-15,2022-09-15,,,
fb5ef245177ea482e5a9,E05011405,applied,2022-09-15,2022-09-16,,,
0e50fbcbe31f1d37c6ff,E05001391,applied,2022-09-16,2022-09-21,,,
2ad1a97f127cfa38d87b,E05011385,offered,2022-09-16,2022-09-29,2022-10-15,,
2af11218d38754b7b73c,E05011414,applied,2022-09-16,2022-09-16,,,
30ee63caede060968496,E05012841,created,2022-09-16,,,,
46da86bd3bb4c5177b8a,E05011403,offered,2022-09-16,2022-09-27,2022-10-15,,
6e8d07f9501e86c9cfe9,E05012841,created,2022-09-16,,,,
9bb72b28ed6365e84a52,E05011406,created,2022-09-16,,,,
f5c82e1ba8c61e13b07d,E05011385,offered,2022-09-16,2022-09-27,2022-10-15,,
51114043ae2f8d2f3612,E05011409,applied,2022-09-17,2022-09-21,,,
b3cb1ee7fed96259124d,E05011413,created,2022-09-17,,,,
c4dd68672e3081de76a6,E05011399,applied,2022-09-17,2022-10-18,,,
dec656f58b0165eb1ae8,E05011397,applied,2022-09-17,2022-09-21,,,
0c8e0a3a9f90ff46fec5,E05011409,applied,2022-09-18,2022-09-21,,,
347d8eb5989743feedba,E05011413,created,2022-09-18,,,,
e8a4d3152cb49d350f57,E05011399,offered,2022-09-18,2022-09-28,2022-10-15,,
ecb10ab3a1f961bdab7d,UNKNOWN,created,2022-09-18,,,,
f0c8a886a75d640166fa,E05011413,offered,2022-09-18,2022-09-27,2022-10-15,,
ea05022f51e3e31057c1,E05011403,created,2022-09-19,,,,
02f4b344f1a204c22771,UNKNOWN,Deactivated,2022-09-20,2022-09-21,,,
27dd0f5270780b7e7bde,E05011394,applied,2022-09-20,2022-09-21,,,
356ab883214e57a47b2f,E05011390,applied,2022-09-20,2022-09-21,,,
396d56af2e1c50a6e281,UNKNOWN,Deactivated,2022-09-20,2022-09-21,,,
50951ee409e857621db2,E05011399,applied,2022-09-20,2022-10-05,,,
6ebc2fa77b8aeeffb963,E05011346,applied,2022-09-20,2022-09-21,,,
ba4c75c4ddbe7278e2d8,E05011390,applied,2022-09-20,2022-09-21,,,
22adf09ebd2629600a98,E05011403,created,2022-09-21,,,,
3f2b660176a050968b3d,E05011391,applied,2022-09-21,2022-10-03,,,
574378b09758d9ad6eb1,E05011390,created,2022-09-21,,,,
6c758217c976760e0275,UNKNOWN,applied,2022-09-21,2022-09-22,,,
b5173a51c41580778b37,E05011397,applied,2022-09-21,2022-09-26,,,
c44d8aaf90d8010ac1f6,E05011397,applied,2022-09-21,2022-09-27,,,
c97d323cf3798da7d51d,E05011389,created,2022-09-21,,,,
355f47de59bf49f6e543,E05011402,created,2022-09-22,,,,
473ff864687e98c42fe7,E05011403,applied,2022-09-22,2022-09-22,,,
521360b9fe865c6446ac,E05012647,applied,2022-09-22,2022-09-27,2022-10-15,,
79d838ec49398291195c,E05011389,created,2022-09-22,,,,
9d8e7b3b77999dd08ccd,E05011402,applied,2022-09-22,2022-09-27,,,
c0382f488edce0243f35,E05011401,created,2022-09-22,,,,
015f7d75c65926611e8e,E05011411,applied,2022-09-23,2022-09-26,,,
04bf97d601675009bec5,E05011397,applied,2022-09-23,2022-09-23,,,
154a8f20ded7e90af807,E05011403,applied,2022-09-23,2022-09-23,,,
156a8649a3f3b5288601,E05011547,applied,2022-09-23,2022-09-26,,,
221f44a1503e794833ef,UNKNOWN,applied,2022-09-23,2022-09-27,,,
238de650c2b1f03ba088,UNKNOWN,created,2022-09-23,,,,
3aa4c296daada0978978,E05011399,created,2022-09-23,,,,
3b3465b7564ec4563334,E05001366,created,2022-09-23,,,,
42cc2a61216360d43c5d,E05011399,created,2022-09-23,,,,
6e8300b4dcd81d5b7ecc,E05011397,applied,2022-09-23,2022-09-23,,,
7085284dff3a6e9b63a1,E05011399,applied,2022-09-23,2022-09-26,,,
715531149fca5cd66bed,E05011404,created,2022-09-23,,,,
805cfcbd53985f0a6415,E05011388,applied,2022-09-23,2022-09-27,2022-10-15,,
866db2282272101e4d6a,E05011399,applied,2022-09-23,2022-10-04,,,
92c97021a15db793e3b7,E05011391,created,2022-09-23,,,,
a2d3c293fd8402029dfd,E05011388,applied,2022-09-23,2022-09-26,,,
a61418e01166450c6e44,UNKNOWN,created,2022-09-23,,,,
ae3ad3ad1af55094e75d,E05011391,applied,2022-09-23,2022-09-26,,,
c159a678e3aba26730b5,E05011410,applied,2022-09-23,2022-09-23,,,
c19a1ba9a303812568ac,E05001346,created,2022-09-23,,,,
d97fa9ee5e81be794f86,E05001341,applied,2022-09-23,2022-09-26,,,
e4a4e7efb36414984ac6,E05011397,created,2022-09-23,,,,
2895792be75f38f29527,E05001357,applied,2022-09-24,2022-09-29,,,
3c614d70654d475782c3,E05011394,applied,2022-09-24,2022-10-03,,,
5ac54a01c0abe37b74cd,E05001357,applied,2022-09-24,2022-09-26,,,
8494eda58162bda0365d,E05013830,created,2022-09-24,,,,
cd28fd2477e936756bb2,E05011402,created,2022-09-24,,,,
d62778f116f8da3d57fb,E05011413,applied,2022-09-24,2022-09-26,,,
fdbfa3681b507fad2e3d,E05011388,applied,2022-09-24,2022-10-04,,,
08140687356b937c9c8c,E05011549,created,2022-09-25,,,,
0da9e2e3bec86ab8efa8,E05011397,created,2022-09-25,,,,
19b3f5c69c1318501597,E05011390,applied,2022-09-25,2022-09-26,,,
494ca7ee0c2f8c220409,E05011389,applied,2022-09-25,2022-09-26,,,
b443b3921f284a0550f6,E05011406,created,2022-09-25,,,,
e7bd85b8813b10af7e34,E05011414,applied,2022-09-25,2022-09-26,,,
0e3d9579d25e48c0d00b,E05012648,applied,2022-09-26,2022-09-26,,,
2ad5ba414fd318f4c33a,E05001374,applied,2022-09-26,2022-09-26,,,
2c1a37a6cb18bf898297,E05011411,created,2022-09-26,,,,
4b294d3eeccd4f6c0aec,E05001462,created,2022-09-26,,,,
535d330d9407384fb602,E05001461,applied,2022-09-26,2022-09-26,,,
69a2051ebd5ded0cb115,E05011390,created,2022-09-26,,,,
717a79407dc8c558879a,E05011547,applied,2022-09-26,2022-09-27,,,
9594427967d5104593f7,E05011411,applied,2022-09-26,2022-09-28,,,
984c3aadd6ca1342f6d0,E05001448,applied,2022-09-26,2022-09-26,,,
d0235a4ac59ab32e3cb8,E05011390,created,2022-09-26,,,,
00de2e2ce1a1799a0ca6,E05011403,created,2022-09-27,,,,
48a199dac180c2c3a291,E05011403,applied,2022-09-27,2022-09-29,,,
5499372eda3e92448dc5,E05011403,created,2022-09-27,,,,
61e285655b81ccc65750,E05012647,applied,2022-09-27,2022-09-29,,,
78d789e779df2e9698d8,E05011405,created,2022-09-27,,,,
9ac66bdff94ef8ae7191,E05011397,created,2022-09-27,,,,
c3e60fd950fe70816821,E05011403,applied,2022-09-27,2022-10-04,,,
ca8b30e8556ac324f803,E05011414,applied,2022-09-27,2022-09-28,,,
da0870cf87fa8f1de23c,UNKNOWN,created,2022-09-27,,,,
f778b863a9b64a23758a,E05012841,applied,2022-09-27,2022-09-27,,,
fb5872ca264263c6fcdc,E05013831,applied,2022-09-27,2022-09-29,,,
030dbe2a39c40a3d2c7e,E05011403,created,2022-09-28,,,,
5cbaa54c23218b0a05bb,E05011397,created,2022-09-28,,,,
8db263063cde4baea375,UNKNOWN,created,2022-09-28,,,,
d339254cefadf69d6f46,E05011403,created,2022-09-28,,,,
ddaff0ef7a81e39c647d,E05011390,applied,2022-09-28,2022-09-29,,,
28e6c38ba6257644eaca,E05011403,created,2022-09-29,,,,
382441066df3968d6bc1,E05011403,applied,2022-09-29,2022-10-04,,,
9603b2b45d4ee8fd2e3f,E05012842,applied,2022-09-29,2022-09-30,,,
a9a832cdc6421d603b27,E05011397,created,2022-09-29,,,,
b8e019cc6431d22fd632,UNKNOWN,created,2022-09-29,,,,
d9e60aaaa6e35fd97dba,E05011397,applied,2022-09-29,2022-10-04,,,
084cd94eacc69804ed16,E05011403,applied,2022-09-30,2022-10-04,,,
08fde504df8a16b64bd7,UNKNOWN,created,2022-09-30,,,,
29bd9c403bd340d9518f,E05011405,created,2022-09-30,,,,
3cf87673c15d13fe4f3c,E05011403,created,2022-09-30,,,,
40a57d957e5a257d10f8,E05011411,applied,2022-09-30,2022-10-10,,,
51b32dcbe86ef052c366,E05011397,created,2022-09-30,,,,
67257e1db937b86f9212,E05011389,applied,2022-09-30,2022-10-03,,,
9099feb86cec9e764491,E05011403,created,2022-09-30,,,,
a17642ca0d6da55c841f,E05011403,created,2022-09-30,,,,
c11355229c286ea63e09,UNKNOWN,applied,2022-09-30,2022-10-03,,,
c199611fd7e2edf90de9,E05010321,created,2022-09-30,,,,
c31d4d559c7d6cf5a361,E05012842,applied,2022-09-30,2022-10-04,,,
c4019ff8f27de22b96ad,E05011399,applied,2022-09-30,2022-10-04,,,
e896bd1c41b48f23a1d9,E05011401,applied,2022-09-30,2022-10-04,,,
fab792868b00fc89d8e8,E05011397,created,2022-09-30,,,,
ff4f8eceb32ff485fa5d,E05011405,applied,2022-09-30,2022-10-04,,,
1d2195166d4c7e5c1c50,E05011403,created,2022-10-01,,,,
2414b00054f00166c644,E05011403,applied,2022-10-02,2022-10-03,,,
50d8f2d81eb3e8dfce15,E05011403,created,2022-10-02,,,,
7a2734d95d4dfd47417c,E05011396,created,2022-10-02,,,,
84c0e09f44a557157bb3,E05009665,applied,2022-10-02,2022-10-03,,,
c78a3a45b515a8599ef3,E05011385,applied,2022-10-02,2022-10-04,,,
cafe4266eaacc4ece19a,E05011401,applied,2022-10-03,2022-10-04,,,
f302b7db017ff17f9aa6,UNKNOWN,applied,2022-10-03,2022-10-04,,,
0c50412c47cd35aeb550,E05011403,created,2022-10-04,,,,
0f582f9148d65548d97a,E05011403,created,2022-10-04,,,,
2f2cd252e855f3fafeb6,E05011403,applied,2022-10-04,2022-10-05,,,
464ab287dc578e297610,E05012647,created,2022-10-04,,,,
5ce936d4a54be172060d,E05011403,created,2022-10-04,,,,
6db7d28cbcb624e90cb4,E05011403,applied,2022-10-04,2022-10-05,,,
7db2391cd6ad1fd9fdbe,E05011414,created,2022-10-04,,,,
909c22044456d8419611,E05011407,applied,2022-10-04,2022-10-04,,,
e1aac6a725232c6bd9cd,E05011403,applied,2022-10-04,2022-10-04,,,
e67d573fc88e7d0ceeb1,E05011403,created,2022-10-04,,,,
251d8f5491a3ebe55fec,E05011406,applied,2022-10-05,2022-10-06,,,
27acd4aba90780cc97cb,E05012647,created,2022-10-05,,,,
352d6d9000d7f9b70e9c,E05011413,created,2022-10-05,,,,
59ff2b5388f33522a638,E05011399,applied,2022-10-05,2022-10-05,,,
62aacb3aa9e7b82b0cfe,E05011403,applied,2022-10-05,2022-10-05,,,
7eec8d2f2f4b247216b4,E05011403,created,2022-10-05,,,,
9a269d9cbeeb27a30240,E05011403,created,2022-10-05,,,,
c1797d549b57b8a5b30a,E05011405,created,2022-10-05,,,,
ee09a09f5ed93ec7d2ad,E05011407,created,2022-10-05,,,,
fa6fad0d8eb982fb0da1,E05011397,created,2022-10-05,,,,
fdbb278d1e0dcda5e710,E05001458,created,2022-10-05,,,,
ff2d271f5fd3f7aa224a,UNKNOWN,applied,2022-10-05,2022-10-05,,,
05e101bdaa928fb07345,E05011413,applied,2022-10-06,2022-10-07,,,
251ceb2f3a368cc652df,E05001450,created,2022-10-06,,,,
7e94458381ffa1d0a246,E05011403,created,2022-10-06,,,,
8769524426fa0a72d9da,E05010059,applied,2022-10-06,2022-10-18,,,
89ca75c5cf770d438a10,E05011384,created,2022-10-06,,,,
cef71aeb32e617f6799e,E05001407,applied,2022-10-06,2022-10-06,,,
386e35815e216669ee98,E05011403,applied,2022-10-07,2022-10-07,,,
727cd1b02bb731777755,E05011407,applied,2022-10-07,2022-10-07,,,
938d1a8033f5e77774c5,E05011403,applied,2022-10-07,2022-10-07,,,
980ee110c84f30871213,E05011403,applied,2022-10-07,2022-10-07,,,
e93bc367b6b782330b1c,E05011402,applied,2022-10-07,2022-10-07,,,
441d7af54db14733205d,E05011384,applied,2022-10-08,2022-10-08,,,
5c92636ef92359b24f49,E05011403,created,2022-10-08,,,,
6771e3e8af37396f3b68,E05001390,created,2022-10-08,,,,
7e53c55ffa2ccf0cf3a2,E05011547,created,2022-10-08,,,,
82a49ca65063f6df5ac2,E05011387,created,2022-10-08,,,,
b6fef469efebd4b9ad47,E05011403,applied,2022-10-08,2022-10-08,,,
bfd19db0fe2c1c81b867,E05001401,applied,2022-10-08,2022-10-08,,,
d835f1ae556488109a73,E05011403,created,2022-10-08,,,,
da3b398ba92cef0c4ad5,E05013831,created,2022-10-08,,,,
e4800580a7bec149f54d,E05013830,created,2022-10-08,,,,
ee66e7714ed890aa014e,E05011547,applied,2022-10-08,2022-10-08,,,
f08db377fd3668988695,E05011397,created,2022-10-08,,,,
f89663f8ee57a509d82f,E05011411,applied,2022-10-08,2022-10-08,,,
0cbb7a632d30eb2ee534,E05011399,created,2022-10-09,,,,
1cc1949aa3b298d684bd,E05011397,created,2022-10-09,,,,
a3269be4b130627b1fba,E05012648,created,2022-10-09,,,,
da914193f75d1506d0de,UNKNOWN,applied,2022-10-09,2022-10-10,,,
e16a4187bf15a390a549,UNKNOWN,Deactivated,2022-10-09,2022-10-09,,,
f9ed7aa5b75a2d1ade2a,E05011409,applied,2022-10-09,2022-10-09,,,
015c6c7c7bcfe174377d,UNKNOWN,applied,2022-10-10,2022-10-10,,,
037b9165a2b523b6cfd9,E05011407,applied,2022-10-10,2022-10-10,,,
3bab2f3f014e78c989b6,E05011413,applied,2022-10-10,2022-10-11,,,
5bb80e2097067518f656,UNKNOWN,created,2022-10-10,,,,
7747e23d75cb7cf0dccc,UNKNOWN,Deactivated,2022-10-10,2022-10-22,,,
b093ea63e90e31417035,E05001354,created,2022-10-10,,,,
e27e6cf9b7677df015ad,E05001351,created,2022-10-10,,,,
f1d01554f8e8ce7bcd56,E05011399,created,2022-10-10,,,,
fb003acb646d0d35b6eb,E05011407,applied,2022-10-10,2022-10-10,,,
38352c08b0dc9be31ffd,E05012842,created,2022-10-11,,,,
6c5985fdf5104ede9fe1,E05011397,created,2022-10-11,,,,
97334334793548b8ab9b,E05012842,created,2022-10-11,,,,
d94765f351d0ffc13976,E05011394,created,2022-10-11,,,,
ef30cad975d029f35bf4,E05011407,created,2022-10-11,,,,
005631b7195b776800d8,E05011403,created,2022-10-12,,,,
381a234e451e6b75afdf,E05011389,applied,2022-10-12,2022-10-12,,,
5ae01182a7ccecf41648,E05011397,created,2022-10-12,,,,
5c76aff771333607c02b,E05011411,created,2022-10-12,,,,
6b0e17b29a3a1c026766,UNKNOWN,created,2022-10-12,,,,
751a8e1a862b5768f37c,E05011403,created,2022-10-12,,,,
857fe1055e9c93d8129c,E05011547,created,2022-10-12,,,,
987941ed7d8787d4e335,E05011390,created,2022-10-12,,,,
b0c4c57d2260a998e1a7,E05011403,applied,2022-10-12,2022-10-12,,,
b5996dd1479ed75cba4c,E05012842,created,2022-10-12,,,,
f57571c74dfdbce0b258,E05011385,applied,2022-10-12,2022-10-12,,,
f68237ea9a95894bd2bf,E05011399,created,2022-10-12,,,,
0f444cc60bf759e8b987,UNKNOWN,created,2022-10-13,,,,
315757ac5b611f033e2c,E05012842,created,2022-10-13,,,,
33de0e1bc02b270c93b1,UNKNOWN,created,2022-10-13,,,,
42f3b38eaa25553f1b9e,E05011400,applied,2022-10-13,2022-10-13,,,
55a155687fca90abead6,E05011403,created,2022-10-13,,,,
9dfae71832c6d0b73a11,E05011403,created,2022-10-13,,,,
a0ef497706301f7c2e68,E05011403,created,2022-10-13,,,,
a976f54fd26e2358760f,E05011403,applied,2022-10-13,2022-10-13,,,
af19908762d70c3b153f,E05011397,created,2022-10-13,,,,
b1b62a677a7f03e98f1e,E05011397,created,2022-10-13,,,,
d3ffd1db10ef9846f618,E05010318,created,2022-10-13,,,,
eddd43c55c11987a2b83,E05001368,created,2022-10-13,,,,
126b03e91262b9846d86,E05011384,created,2022-10-14,,,,
15f0ee585b9c78f2ed8f,E05011403,applied,2022-10-14,2022-10-14,,,
338bf46b7cf9499e21bc,E05011387,created,2022-10-14,,,,
36d9f44abcf8076d9162,E05012647,applied,2022-10-14,2022-10-14,,,
39847091d83c984aba31,UNKNOWN,created,2022-10-14,,,,
6b2d5b15d36b09136021,E05008560,created,2022-10-14,,,,
9afd4517821b07cb02b0,E05011397,created,2022-10-14,,,,
a7483e30d713aa5733a5,E05011549,applied,2022-10-14,2022-10-14,,,
b13797ea02f7ead2f02a,UNKNOWN,created,2022-10-14,,,,
b2a20b28f007583cb67c,E05011403,created,2022-10-14,,,,
d11a7ab4652a77f3ed84,E05011547,applied,2022-10-14,2022-10-14,,,
f03ac303b147832ea51b,E05010318,created,2022-10-14,,,,
f62e386763060aae5924,E05011403,applied,2022-10-14,2022-10-18,,,
02ccfc9fdd743be2c925,E05011402,created,2022-10-15,,,,
46b0ebf035ef478ea0b1,E05011402,created,2022-10-15,,,,
630595ff301bf12d8cfd,UNKNOWN,applied,2022-10-15,2022-10-15,,,
74b45fc9ca389297637d,E05011391,created,2022-10-15,,,,
91058c724628d66fe39f,E05011402,created,2022-10-15,,,,
b91f9b4f755d378e582f,E05011384,applied,2022-10-15,2022-10-15,,,
ecc47d1dbf48d05754af,UNKNOWN,applied,2022-10-15,2022-10-15,,,
051b6248b5802b3ccdf4,E05001464,applied,2022-10-16,2022-10-16,,,
449c535d313cc70c50c8,E05011403,applied,2022-10-16,2022-10-16,,,
59af28fe9980f0647ad5,E05011413,applied,2022-10-16,2022-10-16,,,
7214e4f7f7dfdde584da,E05001464,applied,2022-10-16,2022-10-16,,,
7bcbabbfcfeadfeacbe2,E05011413,applied,2022-10-16,2022-10-17,,,
a3abef49ec0ae307f308,UNKNOWN,created,2022-10-16,,,,
b9f812de7ac84c20d8b8,E05001402,applied,2022-10-16,2022-10-16,,,
00195f187fe66bcaa480,UNKNOWN,applied,2022-10-17,2022-10-18,,,
0d63e952dccc2d0188e8,E05011390,created,2022-10-17,,,,
0ee71e35a2c0d54d8dda,E05012647,created,2022-10-17,,,,
0f2ca76ed1b123a1d24e,E05001366,applied,2022-10-17,2022-10-17,,,
2fa24c80ae2c4fefab81,E05011411,created,2022-10-17,,,,
3d6212655d1cec431fe1,E05011389,created,2022-10-17,,,,
8649c3585c05bc3b0c14,E05011387,created,2022-10-17,,,,
991b784339ac63e42fdb,E05011405,applied,2022-10-17,2022-10-17,,,
d9e7775b5f8fe2f9745f,E05011397,applied,2022-10-17,2022-10-18,,,
e9660364c61286fa1199,E05011413,created,2022-10-17,,,,
eef1e7ea53caa6c205de,E05011414,created,2022-10-17,,,,
f96d79ce93f1230bba62,E05011403,applied,2022-10-17,2022-10-18,,,
ffcefed27c642f2b9e4d,E05011402,applied,2022-10-17,2022-10-17,,,
1b6a00d585dc0ee569fe,E05011403,created,2022-10-18,,,,
281b811a090ef439515e,E05011397,created,2022-10-18,,,,
2f96a29afb0a9ed3d3c3,E05011403,created,2022-10-18,,,,
4593aa33cacbd92ef82c,E05011403,applied,2022-10-18,2022-10-18,,,
578c8d0ae95b1af3a9b8,E05011403,created,2022-10-18,,,,
84726a80e36e14a6d9ea,E05011403,applied,2022-10-18,2022-10-18,,,
9e726e9ac2380a816e01,E05011403,applied,2022-10-18,2022-10-18,,,
a91a321bde2e76dc5f54,E05013831,applied,2022-10-18,2022-10-18,,,
ab34db31a20824735d47,UNKNOWN,applied,2022-10-18,2022-10-18,,,
b8dd3a51a21b94d4d0b9,E05011403,applied,2022-10-18,2022-10-18,,,
bc36cfab7c819cb8b7a8,E05011403,created,2022-10-18,,,,
e0a708f090dd99e77796,E05001451,applied,2022-10-18,2022-10-23,,,
e473e00c235ce9348add,E05001380,created,2022-10-18,,,,
fa8dddc24614587c37ff,E05011403,created,2022-10-18,,,,
0be6460835d90d057ed5,E05011397,applied,2022-10-19,2022-10-19,,,
0d278de4cbfe1903e82a,E05011413,created,2022-10-19,,,,
1b7d51066eb16d0eeac4,E05011403,applied,2022-10-19,2022-10-23,,,
1beae83bb9fd6fa1a9f2,E05011397,applied,2022-10-19,2022-10-19,,,
28c534d992e7109c7bbe,E05011397,created,2022-10-19,,,,
3206ce3584b5d30d7fe7,E05012841,applied,2022-10-19,2022-10-22,,,
36f96558eb00e98dfd97,E05012647,created,2022-10-19,,,,
55412ecaed0adb62bac9,E05011403,created,2022-10-19,,,,
57b1de9b2217561d9860,E05011413,applied,2022-10-19,2022-10-20,,,
64acee51efb3f0605915,E05011399,applied,2022-10-19,2022-10-27,,,
6867300744c7e76bef21,E05011397,created,2022-10-19,,,,
79d0bbc28ab4b74c9ddf,E05001407,created,2022-10-19,,,,
7a78872610dcb1ca1044,E05011403,created,2022-10-19,,,,
8a0ab5ae7bcc40577c35,E05011403,applied,2022-10-19,2022-10-20,,,
910d1f8e46de956a3f48,E05011384,applied,2022-10-19,2022-10-19,,,
933b9bf4f16d752372a5,E05011397,created,2022-10-19,,,,
9496e9b085fd6e2299fd,E05011397,applied,2022-10-19,2022-10-19,,,
98630344f08e73fdd22b,E05011403,created,2022-10-19,,,,
ab0af21ed898caea9d6f,E05011397,applied,2022-10-19,2022-10-27,,,
b57f93e312b5d51a1483,E05011397,applied,2022-10-19,2022-10-20,,,
b5b00b56a2630831f817,E05011403,applied,2022-10-19,2022-10-19,,,
c66d6a7cfec57e6e05fe,E05011384,applied,2022-10-19,2022-10-19,,,
c6bdc7fed126b6d44ba6,E05011413,created,2022-10-19,,,,
cf1e859e17533a3cc894,E05011403,created,2022-10-19,,,,
d5c8db75f4e05d40f8ed,E05011399,applied,2022-10-19,2022-10-21,,,
ea7d768bc87ac99b94db,E05011402,applied,2022-10-19,2022-10-19,,,
f150954ffc516b9e8235,E05011399,applied,2022-10-19,2022-10-25,,,
fcac242ffb376372b439,E05011403,created,2022-10-19,,,,
31c302bcc7951d0f7fca,E05011402,applied,2022-10-20,2022-10-20,,,
3cdac349e226d0c3057c,E05013831,applied,2022-10-20,2022-10-24,,,
9b5da6ef221cbbd07e81,E05001347,applied,2022-10-20,2022-10-20,,,
dea3a27b0c5fdc1befbd,E05011403,applied,2022-10-20,2022-10-20,,,
3622085d4ed69d68df54,E05011396,created,2022-10-21,,,,
4e0911b4ca629a29bf7e,UNKNOWN,applied,2022-10-21,2022-10-21,,,
7cb22a3ba1311ebbe0ec,E05011403,created,2022-10-21,,,,
9f1125745b754665b920,E05013830,created,2022-10-21,,,,
b1b3de0bf0251385c1a9,E05011407,applied,2022-10-21,2022-10-22,,,
22bb66b2a34aa98ca858,E05001354,applied,2022-10-22,2022-10-22,,,
71d26020a3f5b8a2ce70,E05006306,applied,2022-10-22,2022-10-22,,,
88205530f0faede238bb,E05011403,created,2022-10-22,,,,
a16f2eb554fdc0e5619c,E05011399,created,2022-10-22,,,,
a4600358476702cebedc,E05011413,created,2022-10-22,,,,
a8b13999617715a12cb7,UNKNOWN,applied,2022-10-22,2022-10-22,,,
ad7af8a3ed7abbfb153a,E05011403,applied,2022-10-22,2022-10-23,,,
c195f93d70e4eda33d11,E05011413,applied,2022-10-22,2022-10-22,,,
cebd3b3cfb285a7bad81,E05011403,created,2022-10-22,,,,
557a1b91a4fa032d81ff,UNKNOWN,created,2022-10-23,,,,
713c74ad052be82ac950,E05011403,created,2022-10-23,,,,
78243ac17e10258ddfca,UNKNOWN,created,2022-10-23,,,,
a58ba960c2801d7f823f,E05011403,created,2022-10-23,,,,
a7f2aa6c295031d5cdbf,E05011403,created,2022-10-23,,,,
aa1e9666465c3b44e5e1,E05011403,applied,2022-10-23,2022-10-23,,,
04064b6e5cd30eadffb7,E05011390,applied,2022-10-24,2022-10-25,,,
06c807e0381d659be809,E05011384,created,2022-10-24,,,,
09d8beae3101fec1e6db,UNKNOWN,created,2022-10-24,,,,
0a006d3afa4e7d0d7a73,E05011406,applied,2022-10-24,2022-10-24,,,
9f7c87f2e3b6903826bb,E05011403,created,2022-10-24,,,,
16985b3193a958876fd8,E05011397,created,2022-10-25,,,,
81f457055f230aa1dcfe,E05011397,applied,2022-10-25,2022-10-25,,,
9d9a18879661ba226c7d,E05011403,applied,2022-10-25,2022-10-26,,,
bb8d7cca15f5efb2c48e,E05011403,applied,2022-10-25,2022-10-25,,,
ff23bd713698ac430a62,E05011547,applied,2022-10-25,2022-10-25,,,
13213916e5abc63ad444,E05011389,applied,2022-10-26,2022-10-26,,,
4f23553d736abb461a6d,UNKNOWN,applied,2022-10-26,2022-10-26,,,
5443d1aa03caf83adc72,E05012841,applied,2022-10-26,2022-10-26,,,
579f39a35626b1ec8a6d,E05011403,created,2022-10-26,,,,
6679125cac6aca5939f0,E05011397,applied,2022-10-26,2022-10-26,,,
677a734d25d0b06ce31b,E05011389,applied,2022-10-26,2022-10-26,,,
7df8d0d4c019ef5296f6,E05011397,applied,2022-10-26,2022-10-26,,,
a6d380d4bdcd529b04e7,E05011411,applied,2022-10-26,2022-10-26,,,
c1f6d2afc71d7f713441,E05001348,created,2022-10-26,,,,
c8bc043dcbf6b94f5c11,E05011403,created,2022-10-26,,,,
d8b33da598db6efc2a36,E05001354,created,2022-10-26,,,,
faa8498f6d0a763ca9ee,UNKNOWN,,2022-10-26,2022-10-26,,,
18d1b162bea8eb683ce6,E05011397,applied,2022-10-27,2022-10-27,,,
1a3d4b129cf2bae61c24,E05012842,created,2022-10-27,,,,
3549ae0f3e15459c18fa,E05011399,created,2022-10-27,,,,
3c2a5edbfcc6dff5a79c,E05001362,created,2022-10-27,,,,
3eb7ce765b5c2474ad11,E05011410,applied,2022-10-27,2022-10-28,,,
417f988ea704252b063c,E05011405,applied,2022-10-27,2022-10-27,,,
7ec4a5652720fdcfd7fa,E05011405,applied,2022-10-27,2022-10-27,,,
c513fc803e292371bfd2,E05011397,applied,2022-10-27,2022-10-27,,,
d1e3f91414fec0f450ee,E05011403,applied,2022-10-27,2022-10-27,,,
db2797d6034f486a7033,E05001456,created,2022-10-27,,,,
b11c17a172509e38a11f,E05001461,created,2022-10-28,,,,
fd441e3960d2832825f7,E05012841,applied,2022-10-28,2022-10-28,,,
