ward_code,created,applied,offered,confirmed,rejected
E05000650,1,1,0,0,1
E05000789,1,1,0,0,0
E05000807,1,1,0,0,0
E05000813,1,1,1,1,0
E05000833,1,1,1,0,0
E05000994,1,1,1,1,0
E05001076,1,1,1,0,0
E05001123,1,1,0,0,0
E05001248,1,1,1,0,0
E05001341,2,2,0,0,0
E05001342,4,4,3,3,0
E05001343,2,2,2,1,0
E05001344,1,1,1,1,0
E05001345,2,2,2,0,0
E05001346,1,1,1,1,0
E05001347,11,11,9,6,0
E05001348,1,1,1,1,0
E05001349,3,3,3,2,0
E05001350,5,5,3,2,0
E05001351,1,1,0,0,0
E05001353,4,4,2,1,0
E05001354,8,8,3,3,0
E05001355,2,2,0,0,0
E05001356,4,4,3,1,0
E05001357,4,4,3,3,0
E05001358,1,1,0,0,0
E05001361,1,1,0,0,0
E05001362,1,1,1,1,0
E05001363,1,1,0,0,0
E05001365,4,4,3,3,1
E05001366,4,4,3,3,0
E05001367,1,1,1,1,0
E05001368,2,2,1,1,0
E05001369,1,1,0,0,0
E05001370,1,1,1,0,0
E05001371,2,2,1,1,0
E05001372,2,2,1,0,0
E05001373,1,1,0,0,0
E05001374,1,1,0,0,1
E05001377,2,2,0,0,0
E05001380,1,1,1,1,0
E05001381,3,3,2,0,1
E05001382,2,2,1,1,0
E05001384,1,1,0,0,0
E05001385,1,1,0,0,0
E05001386,1,1,0,0,0
E05001389,2,2,0,0,1
E05001391,4,4,4,2,0
E05001392,4,4,2,1,1
E05001393,3,3,2,2,0
E05001396,2,2,1,0,0
E05001397,1,1,1,1,0
E05001398,1,1,0,0,0
E05001400,1,1,1,0,0
E05001401,1,1,0,0,0
E05001402,2,2,1,0,0
E05001403,2,2,1,1,0
E05001405,2,2,2,2,0
E05001407,4,4,2,0,1
E05001408,3,3,3,2,0
E05001409,1,1,1,1,0
E05001444,4,4,4,3,0
E05001445,2,2,2,1,0
E05001446,5,5,4,2,0
E05001447,1,1,0,0,0
E05001448,1,1,1,0,0
E05001450,1,1,1,1,0
E05001451,2,2,2,1,0
E05001452,1,1,1,1,0
E05001453,2,2,1,1,0
E05001454,1,1,1,1,0
E05001455,5,5,3,3,0
E05001456,4,4,2,2,0
E05001457,2,2,2,1,0
E05001458,2,2,1,0,0
E05001459,2,2,1,0,0
E05001460,6,6,4,4,0
E05001461,6,6,4,4,0
E05001462,4,4,1,1,0
E05001463,5,5,4,2,0
E05001464,5,5,2,1,0
E05001648,1,1,0,0,0
E05001700,1,1,1,1,0
E05001717,1,1,1,1,0
E05004697,1,1,0,0,0
E05005373,1,1,0,0,0
E05005432,1,1,0,0,0
E05006203,1,1,1,0,0
E05006306,1,1,1,1,0
E05008524,1,1,1,1,0
E05008558,3,3,2,2,0
E05008560,1,1,1,1,0
E05008562,1,1,1,0,0
E05009003,1,1,1,0,0
E05009319,1,1,1,0,0
E05009665,1,1,1,1,0
E05009666,1,1,0,0,0
E05009668,1,1,1,1,0
E05009725,1,1,0,0,0
E05009938,1,1,0,0,0
E05010044,1,1,0,0,0
E05010056,1,1,1,0,0
E05010057,1,1,1,1,0
E05010058,4,4,2,2,0
E05010059,3,3,3,1,0
E05010060,1,1,1,1,0
E05010185,1,1,1,1,0
E05010318,1,1,1,1,0
E05010319,1,1,0,0,0
E05010322,1,1,1,1,0
E05010323,1,1,0,0,0
E05010324,2,2,2,1,0
E05010325,1,1,0,0,0
E05010329,1,1,1,1,0
E05010330,1,1,0,0,0
E05010412,1,1,1,0,0
E05010431,1,1,1,0,0
E05010528,1,1,1,1,0
E05010748,2,2,2,2,0
E05010775,1,1,1,1,0
E05010810,1,1,1,0,0
E05010882,1,1,0,0,0
E05010976,1,1,0,0,1
E05011115,1,1,1,0,0
E05011151,1,1,1,0,0
E05011179,1,1,1,0,0
E05011312,1,1,0,0,0
E05011313,1,1,0,0,0
E05011314,1,1,0,0,0
E05011319,1,1,1,0,0
E05011323,1,1,0,0,0
E05011325,1,1,0,0,0
E05011326,1,1,0,0,0
E05011327,3,3,3,0,0
E05011332,1,1,1,1,0
E05011333,1,1,1,0,0
E05011345,2,2,0,0,0
E05011346,2,2,2,2,0
E05011360,1,1,1,1,0
E05011363,3,2,1,1,0
E05011368,1,1,1,0,0
E05011384,31,31,20,18,1
E05011385,37,37,19,15,0
E05011387,31,31,19,17,4
E05011388,42,42,26,23,5
E05011389,28,28,19,11,0
E05011390,86,86,68,42,0
E05011391,22,22,15,11,0
E05011394,12,12,7,6,0
E05011395,17,16,12,11,0
E05011396,22,21,10,8,0
E05011397,180,180,152,95,2
E05011399,71,71,52,43,1
E05011400,28,28,16,13,1
E05011401,15,15,7,4,0
E05011402,91,91,61,47,1
E05011403,344,344,309,204,2
E05011404,16,16,11,6,0
E05011405,54,54,39,34,0
E05011406,23,23,14,11,1
E05011407,24,24,11,7,2
E05011409,23,23,12,10,1
E05011410,17,16,10,8,0
E05011411,73,73,52,45,0
E05011413,72,71,54,41,0
E05011414,16,16,9,7,1
E05011457,1,1,0,0,0
E05011486,1,1,0,0,0
E05011526,1,1,1,1,0
E05011529,1,1,1,0,0
E05011531,1,1,0,0,0
E05011540,1,1,1,1,0
E05011547,59,59,40,28,1
E05011549,17,17,12,9,0
E05011977,1,1,0,0,0
E05012001,1,1,1,1,0
E05012188,1,1,0,0,0
E05012240,1,1,1,0,0
E05012281,1,1,0,0,0
E05012383,1,1,1,0,0
E05012647,48,48,30,24,4
E05012648,25,25,13,11,2
E05012651,1,1,1,1,0
E05012841,44,44,29,25,2
E05012842,50,50,32,23,2
E05013019,1,1,0,0,0
E05013168,1,1,1,1,0
E05013183,1,1,0,0,0
E05013244,1,1,1,0,0
E05013284,1,1,0,0,0
E05013592,1,1,0,0,0
E05013765,1,1,0,0,0
E05013830,21,21,7,6,0
E05013831,30,30,22,19,1
E05013855,1,1,0,0,0
E05014023,1,0,0,0,0
N08000333,1,1,0,0,0
S13002931,1,1,1,1,0
UNKNOWN,50,33,19,12,0
W05001117,1,1,1,0,0
